AP;Entidade;Data documento;Data Contabilistica;Tipo Doc (P2/CF/DF/NC);Nº Doc (do P2/CF/DF/NC);Ano (do P2/CF/DF/NC);Série (do P2/CF/DF/NC);Nº AP;Conta Bancaria;NIB _IBAN;Categoria de Motivo;Observações Documento ;Referência DUC/TSU
AP;240001;20180801;20180801;P2;1300;2018;;1000;;;;;
AP;240001;20180801;20180801;P2;1102;2018;;1000;;;;;
AP;240002;20180801;20180801;P2;1103;2018;;1001;;;;;
AP;240003;20180801;20180801;P2;1304;2018;;1002;1211;PT50078101120112001182185;1;;
AP;9991;20180802;20180802;P2;1305;2018;;1003;;;;;
AP;9991;20180802;20180802;P2;1306;2018;;1003;;;;;
AP;9991;20180802;20180802;P2;1307;2018;;1004;1211;;21;;1.23457E+14
AP;9991;20180802;20180802;P2;1308;2018;;1005;1211;;22;;1.23457E+14
